SHERIDAN CTY SD2||||||||||||||||||Account Inquiry - Fiscal Year - Include Encumbrances|||||||||||||||||Page: 1
07/17/2025 8:46 AM||||||||||||||||||||||||07/2024|-|06/2025|||||||||User ID: CBF
|Entry Date||Description||||||||||JR||Reference|||Invoice / Cost||Purchase||||Vendor ID/Name||||||Budgeted Amount|Debit Amount|Credit Amount|Outstanding||Account Balance
|||||||||||||||||||||||||||||||||||
|||||||||||||||Number|||Center||Order|||||||||||||||
Fund:||01|||GENERAL FUND||||||||||||||||||||||||||||||
01 000 81110||||||||25 MILL - PRIOR YEARS|||||||||||||*Previous Balance||||||||||||||0.00
|07/17/2024||JUNE 2024 COUNTY TREASURER||||||||||CR||19569|||||||||||||||||62,128.58|||
|||REVENUE #2||||||||||||||||||||||||||||||||
|08/27/2024||Reversal: JUNE 2024 COUNTY||||||||||CR|*|19586||||||||||||||||62,633.67||||
|||TREASURER REV||||||||||||||||||||||||||||||||
|08/27/2024||Correction: JULY 2024 COUNTY||||||||||CR|*|19586|||||||||||||||||62,633.67|||
|||TREASURER R||||||||||||||||||||||||||||||||
|08/27/2024||JUNE 2024 COUNTY TREASURER||||||||||CR||19586|||||||||||||||||62,633.67|||
|||REVENUE||||||||||||||||||||||||||||||||
|09/18/2024||AUGUST 2024 COUNTY TREASURER||||||||||CR||19597|||||||||||||||||64,729.98|||
|||REVENUE||||||||||||||||||||||||||||||||
|10/17/2024||SEPT 2024 COUNTY TREASURER||||||||||CR||19607|||||||||||||||||568,490.49|||
|||REVENUE||||||||||||||||||||||||||||||||
|11/13/2024||OCT 2024 COUNTY TREASURER||||||||||CR||19613|||||||||||||||||1,770,863.56|||
|||REVENUE||||||||||||||||||||||||||||||||
|12/23/2024||NOV 2024 COUNTY TREASURER||||||||||CR||19625|||||||||||||||||4,350,985.71|||
|||REVENUE||||||||||||||||||||||||||||||||
|01/23/2025||DEC 2024 COUNTY TREASURER||||||||||GJ||012325-TREAS|||||||||||||||||2,212,279.32|||
|||REVENUE - DEP||||||||||||||||||||||||||||||||
|02/14/2025||JAN 2025 COUNTY TREASURER||||||||||GJ||021425-TREAS|||||||||||||||||158,520.29|||
|||REVENUE - DEP||||||||||||||||||||||||||||||||
|03/14/2025||FEB 2025 COUNTY TREASURER||||||||||GJ||031425-TREAS|||||||||||||||||66,868.38|||
|||REVENUE - DEP||||||||||||||||||||||||||||||||
|04/11/2025||MAR 2025 COUNTY TREASURER||||||||||GJ||041125-TREAS|||||||||||||||||135,092.03|||
|||REVENUE - DEP||||||||||||||||||||||||||||||||
|05/19/2025||APR 2025 COUNTY TREASURER||||||||||GJ||051925-TREAS|||||||||||||||||512,371.90|||
|||REVENUE - DEP||||||||||||||||||||||||||||||||
|06/17/2025||MAY 2025 COUNTY TREASURER||||||||||GJ||061725-TREAS|||||||||||||||||3,423,683.13|||
|||REVENUE - DEP||||||||||||||||||||||||||||||||
01 000 81110||||||||25 MILL - PRIOR YEARS|||||||||||||*Current Activity||||||||||62,633.67|13,451,280.71|||13,388,647.04
||||||||25 MILL - PRIOR YEARS Total:||||||||||||||||||||||0.00|62,633.67|13,451,280.71|0.00||13,388,647.04
||||||||||||||||||||||||||||Budget Balance||(13,388,647.04)|||||
01 000 81111||||||||25 MILL SPECIAL DIST TAX|||||||||||||*Previous Balance||||||||||||||0.00
|10/17/2024||SEPT 2024 COUNTY TREASURER||||||||||CR||19607||||||||||||||||0.01||||
|||REVENUE||||||||||||||||||||||||||||||||
|01/23/2025||DEC 2024 COUNTY TREASURER||||||||||GJ||012325-TREAS|||||||||||||||||2,616.40|||
|||REVENUE - DEP||||||||||||||||||||||||||||||||
01 000 81111||||||||25 MILL SPECIAL DIST TAX|||||||||||||*Current Activity||||||||||0.01|2,616.40|||2,616.39
||||||||25 MILL SPECIAL DIST TAX Total:||||||||||||||||||||||0.00|0.01|2,616.40|0.00||2,616.39
||||||||||||||||||||||||||||Budget Balance||(2,616.39)|||||
01 000 81120||||||||MOTOR VEHICLE TAX|||||||||||||*Previous Balance||||||||||||||0.00
|07/17/2024||JUNE 2024 COUNTY TREASURER||||||||||CR||19569|||||||||||||||||120,462.36|||
|||REVENUE #2||||||||||||||||||||||||||||||||
|08/27/2024||JUNE 2024 COUNTY TREASURER||||||||||CR||19586|||||||||||||||||250,631.27|||
|||REVENUE||||||||||||||||||||||||||||||||
|08/27/2024||Reversal: JUNE 2024 COUNTY||||||||||CR|*|19586||||||||||||||||250,631.27||||
|||TREASURER REV||||||||||||||||||||||||||||||||
|08/27/2024||Correction: JULY 2024 COUNTY||||||||||CR|*|19586|||||||||||||||||250,631.27|||
|||TREASURER R||||||||||||||||||||||||||||||||
|09/18/2024||AUGUST 2024 COUNTY TREASURER||||||||||CR||19597|||||||||||||||||272,983.77|||
|||REVENUE||||||||||||||||||||||||||||||||
|10/17/2024||SEPT 2024 COUNTY TREASURER||||||||||CR||19607|||||||||||||||||219,600.45|||
|||REVENUE||||||||||||||||||||||||||||||||
|11/13/2024||OCT 2024 COUNTY TREASURER||||||||||CR||19613|||||||||||||||||285,931.56|||
|||REVENUE||||||||||||||||||||||||||||||||
SHERIDAN CTY SD2||||||||||||||||||Account Inquiry - Fiscal Year - Include Encumbrances|||||||||||||||||Page: 2
07/17/2025 8:46 AM||||||||||||||||||||||||07/2024|-|06/2025|||||||||User ID: CBF
|Entry Date||Description||||||||||JR||Reference|||Invoice / Cost||Purchase||||Vendor ID/Name||||||Budgeted Amount|Debit Amount|Credit Amount|Outstanding||Account Balance
|||||||||||||||||||||||||||||||||||
|||||||||||||||Number|||Center||Order|||||||||||||||
Fund:||01|||GENERAL FUND||||||||||||||||||||||||||||||
|12/23/2024||NOV 2024 COUNTY TREASURER||||||||||CR||19625|||||||||||||||||189,478.11|||
|||REVENUE||||||||||||||||||||||||||||||||
|01/23/2025||DEC 2024 COUNTY TREASURER||||||||||GJ||012325-TREAS|||||||||||||||||245,350.06|||
|||REVENUE - DEP||||||||||||||||||||||||||||||||
|02/14/2025||JAN 2025 COUNTY TREASURER||||||||||GJ||021425-TREAS|||||||||||||||||215,337.16|||
|||REVENUE - DEP||||||||||||||||||||||||||||||||
|03/14/2025||FEB 2025 COUNTY TREASURER||||||||||GJ||031425-TREAS|||||||||||||||||179,377.73|||
|||REVENUE - DEP||||||||||||||||||||||||||||||||
|04/11/2025||MAR 2025 COUNTY TREASURER||||||||||GJ||041125-TREAS|||||||||||||||||244,280.32|||
|||REVENUE - DEP||||||||||||||||||||||||||||||||
|05/19/2025||APR 2025 COUNTY TREASURER||||||||||GJ||051925-TREAS|||||||||||||||||253,139.98|||
|||REVENUE - DEP||||||||||||||||||||||||||||||||
|06/17/2025||MAY 2025 COUNTY TREASURER||||||||||GJ||061725-TREAS|||||||||||||||||270,551.30|||
|||REVENUE - DEP||||||||||||||||||||||||||||||||
01 000 81120||||||||MOTOR VEHICLE TAX|||||||||||||*Current Activity||||||||||250,631.27|2,997,755.34|||2,747,124.07
||||||||MOTOR VEHICLE TAX Total:||||||||||||||||||||||0.00|250,631.27|2,997,755.34|0.00||2,747,124.07
||||||||||||||||||||||||||||Budget Balance||(2,747,124.07)|||||
01 000 81140||||||||DELINQUENT TAXES|||||||||||||*Previous Balance||||||||||||||0.00
|07/17/2024||JUNE 2024 COUNTY TREASURER||||||||||CR||19569|||||||||||||||||3,257.71|||
|||REVENUE #2||||||||||||||||||||||||||||||||
|08/27/2024||JUNE 2024 COUNTY TREASURER||||||||||CR||19586|||||||||||||||||4,273.47|||
|||REVENUE||||||||||||||||||||||||||||||||
|08/27/2024||Reversal: JUNE 2024 COUNTY||||||||||CR|*|19586||||||||||||||||4,273.47||||
|||TREASURER REV||||||||||||||||||||||||||||||||
|08/27/2024||Correction: JULY 2024 COUNTY||||||||||CR|*|19586|||||||||||||||||4,273.47|||
|||TREASURER R||||||||||||||||||||||||||||||||
|09/18/2024||AUGUST 2024 COUNTY TREASURER||||||||||CR||19597|||||||||||||||||5,414.69|||
|||REVENUE||||||||||||||||||||||||||||||||
|10/17/2024||SEPT 2024 COUNTY TREASURER||||||||||CR||19607|||||||||||||||||228.46|||
|||REVENUE||||||||||||||||||||||||||||||||
|11/13/2024||OCT 2024 COUNTY TREASURER||||||||||CR||19613|||||||||||||||||652.00|||
|||REVENUE||||||||||||||||||||||||||||||||
|12/23/2024||NOV 2024 COUNTY TREASURER||||||||||CR||19625|||||||||||||||||494.35|||
|||REVENUE||||||||||||||||||||||||||||||||
|01/23/2025||DEC 2024 COUNTY TREASURER||||||||||GJ||012325-TREAS|||||||||||||||||954.53|||
|||REVENUE - DEP||||||||||||||||||||||||||||||||
|02/14/2025||JAN 2025 COUNTY TREASURER||||||||||GJ||021425-TREAS|||||||||||||||||1,704.33|||
|||REVENUE - DEP||||||||||||||||||||||||||||||||
|03/14/2025||FEB 2025 COUNTY TREASURER||||||||||GJ||031425-TREAS|||||||||||||||||1,125.43|||
|||REVENUE - DEP||||||||||||||||||||||||||||||||
|04/11/2025||MAR 2025 COUNTY TREASURER||||||||||GJ||041125-TREAS|||||||||||||||||2,255.08|||
|||REVENUE - DEP||||||||||||||||||||||||||||||||
|05/19/2025||APR 2025 COUNTY TREASURER||||||||||GJ||051925-TREAS|||||||||||||||||1,950.53|||
|||REVENUE - DEP||||||||||||||||||||||||||||||||
|06/17/2025||MAY 2025 COUNTY TREASURER||||||||||GJ||061725-TREAS|||||||||||||||||7,285.56|||
|||REVENUE - DEP||||||||||||||||||||||||||||||||
01 000 81140||||||||DELINQUENT TAXES|||||||||||||*Current Activity||||||||||4,273.47|33,869.61|||29,596.14
||||||||DELINQUENT TAXES Total:||||||||||||||||||||||0.00|4,273.47|33,869.61|0.00||29,596.14
||||||||||||||||||||||||||||Budget Balance||(29,596.14)|||||
01 000 81302||||||||SC CONCURENT ENROLLMENT FEES|||||||||||||*Previous Balance||||||||||||||0.00
|06/24/2025||FY25 CONCURRENT ENROLLMENT||||||||||CR||19680|||||||||||||||||460,097.00|||
|||FEES - NWCCD||||||||||||||||||||||||||||||||
01 000 81302||||||||SC CONCURENT ENROLLMENT FEES|||||||||||||*Current Activity|||||||||||460,097.00|||460,097.00
SHERIDAN CTY SD2||||||||||||||||||Account Inquiry - Fiscal Year - Include Encumbrances|||||||||||||||||Page: 3
07/17/2025 8:46 AM||||||||||||||||||||||||07/2024|-|06/2025|||||||||User ID: CBF
|Entry Date||Description||||||||||JR||Reference|||Invoice / Cost||Purchase||||Vendor ID/Name||||||Budgeted Amount|Debit Amount|Credit Amount|Outstanding||Account Balance
|||||||||||||||||||||||||||||||||||
|||||||||||||||Number|||Center||Order|||||||||||||||
Fund:||01|||GENERAL FUND||||||||||||||||||||||||||||||
||||||||SC CONCURENT ENROLLMENT FEES Total:||||||||||||||||||||||0.00|0.00|460,097.00|0.00||460,097.00
||||||||||||||||||||||||||||Budget Balance||(460,097.00)|||||
01 000 81320||||||||IN STATE TUITION|||||||||||||*Previous Balance||||||||||||||0.00
|01/27/2025||IN-STATE TUITION - LINCOLN SD #1 -||||||||||CR||19643|||||||||||||||||303.12|||
|||FOWLE||||||||||||||||||||||||||||||||
|05/29/2025||IN-STATE TUITION - SCSD#1 - WATSON||||||||||CR||19673|||||||||||||||||710.89|||
01 000 81320||||||||IN STATE TUITION|||||||||||||*Current Activity|||||||||||1,014.01|||1,014.01
||||||||IN STATE TUITION Total:||||||||||||||||||||||0.00|0.00|1,014.01|0.00||1,014.01
||||||||||||||||||||||||||||Budget Balance||(1,014.01)|||||
01 000 81330||||||||TUITION OUT OF STATE DISTRICTS|||||||||||||*Previous Balance||||||||||||||0.00
|01/27/2025||OUT-OF-STATE TUITION - DECKER SD||||||||||CR||19640|||||||||||||||||12,796.00|||
|||#1 - EN||||||||||||||||||||||||||||||||
01 000 81330||||||||TUITION OUT OF STATE DISTRICTS|||||||||||||*Current Activity|||||||||||12,796.00|||12,796.00
||||||||TUITION OUT OF STATE DISTRICTS Total:||||||||||||||||||||||0.00|0.00|12,796.00|0.00||12,796.00
||||||||||||||||||||||||||||Budget Balance||(12,796.00)|||||
01 000 81510||||||||INTEREST ON INVESTMENTS|||||||||||||*Previous Balance||||||||||||||0.00
|07/31/2024||General Fund||||||||||GJ||7-31 INT|||||||||||||||||36,763.47|||
|07/31/2024||A/P Clearing||||||||||GJ||7-31 INT|||||||||||||||||1,180.47|||
|07/31/2024||Payroll Clearing||||||||||GJ||7-31 INT|||||||||||||||||1,546.35|||
|08/31/2024||General Fund||||||||||GJ||8-31 INT|||||||||||||||||38,537.01|||
|08/31/2024||A/P Clearing||||||||||GJ||8-31 INT|||||||||||||||||985.20|||
|08/31/2024||Payroll Clearing||||||||||GJ||8-31 INT|||||||||||||||||3,274.00|||
|09/30/2024||General Fund||||||||||GJ||9-30 INT|||||||||||||||||32,626.65|||
|09/30/2024||A/P Clearing||||||||||GJ||9-30 INT|||||||||||||||||2,498.17|||
|09/30/2024||Payroll Clearing||||||||||GJ||9-30 INT|||||||||||||||||3,888.00|||
|10/05/2024||10-5-24-BT-INT||||||||||GJ||10524BTINT|||||||||||||||||88.34|||
|10/05/2024||10-5-24-IHR-INT||||||||||GJ||10524IHRINT|||||||||||||||||2,196.20|||
|10/31/2024||General Fund||||||||||GJ||10-31 INT|||||||||||||||||34,980.72|||
|10/31/2024||A/P Clearing||||||||||GJ||10-31 INT|||||||||||||||||1,500.43|||
|10/31/2024||Payroll Clearing||||||||||GJ||10-31 INT|||||||||||||||||3,313.34|||
|11/20/2024||11-20-24-BT-INT||||||||||GJ||112024BTINT|||||||||||||||||0.06|||
|11/20/2024||11-20-24-IHT-INT||||||||||GJ||112024IHRINT|||||||||||||||||902.27|||
|11/30/2024||General Fund||||||||||GJ||11-30 INT|||||||||||||||||47,226.13|||
|11/30/2024||A/P Clearing||||||||||GJ||11-30 INT|||||||||||||||||982.73|||
SHERIDAN CTY SD2||||||||||||||||||Account Inquiry - Fiscal Year - Include Encumbrances|||||||||||||||||Page: 4
07/17/2025 8:46 AM||||||||||||||||||||||||07/2024|-|06/2025|||||||||User ID: CBF
|Entry Date||Description||||||||||JR||Reference|||Invoice / Cost||Purchase||||Vendor ID/Name||||||Budgeted Amount|Debit Amount|Credit Amount|Outstanding||Account Balance
|||||||||||||||||||||||||||||||||||
|||||||||||||||Number|||Center||Order|||||||||||||||
Fund:||01|||GENERAL FUND||||||||||||||||||||||||||||||
|11/30/2024||Payroll Clearing||||||||||GJ||11-30 INT|||||||||||||||||3,601.29|||
|12/31/2024||General Fund||||||||||GJ||12-31 INT|||||||||||||||||54,043.52|||
|12/31/2024||A/P Clearing||||||||||GJ||12-31 INT|||||||||||||||||1,092.40|||
|12/31/2024||Payroll Clearing||||||||||GJ||12-31 INT|||||||||||||||||3,208.80|||
|01/02/2025||1-2-25-CD-INT||||||||||GJ||1225CDINT|||||||||||||||||4,803.61|||
|01/17/2025||1-17-25-IHT-INT||||||||||GJ||11725IHTINT|||||||||||||||||1,694.63|||
|01/31/2025||General Fund||||||||||GJ||1-31 INT|||||||||||||||||54,434.50|||
|01/31/2025||A/P Clearing||||||||||GJ||1-31 INT|||||||||||||||||1,505.82|||
|01/31/2025||Payroll Clearing||||||||||GJ||1-31 INT|||||||||||||||||3,118.99|||
|02/04/2025||2-4-25-CD-INT||||||||||GJ||2425CDINT|||||||||||||||||21,079.37|||
|02/04/2025||2-4-25-IHT-INT||||||||||GJ||2425IHTINT|||||||||||||||||860.34|||
|02/28/2025||General Fund||||||||||GJ||2-28 INT|||||||||||||||||50,497.57|||
|02/28/2025||A/P Clearing||||||||||GJ||2-28 INT|||||||||||||||||1,081.19|||
|02/28/2025||Payroll Clearing||||||||||GJ||2-28 INT|||||||||||||||||2,438.06|||
|03/29/2025||3-29-25-BT-INT||||||||||GJ||032925BTINT|||||||||||||||||29.36|||
|03/29/2025||3-29-25-IHR-INT||||||||||GJ||032925IRHINT|||||||||||||||||760.96|||
|03/29/2025||3-29-25-CD-INT||||||||||GJ||32925CDINT|||||||||||||||||27,142.34|||
|03/31/2025||General Fund||||||||||GJ||3-31 INT|||||||||||||||||45,004.25|||
|03/31/2025||A/P Clearing||||||||||GJ||3-31 INT|||||||||||||||||1,412.07|||
|03/31/2025||Payroll Clearing||||||||||GJ||3-31 INT|||||||||||||||||3,917.46|||
|04/10/2025||4-10-25-BT-INT||||||||||GJ||41025BTINT|||||||||||||||||0.09|||
|04/10/2025||4-10-25-CD-INT||||||||||GJ||41025CDINT|||||||||||||||||31,789.31|||
|04/10/2025||4-10-24-IHR-INT||||||||||GJ||41025IHRINT|||||||||||||||||387.22|||
|04/30/2025||General Fund||||||||||GJ||4-30 INT|||||||||||||||||41,205.32|||
|04/30/2025||A/P Clearing||||||||||GJ||4-30 INT|||||||||||||||||1,313.99|||
|04/30/2025||Payroll Clearing||||||||||GJ||4-30 INT|||||||||||||||||2,796.37|||
|05/05/2025||5-5-2025-BT-INT||||||||||GJ||5525BTIINT|||||||||||||||||3.90|||
|05/05/2025||5-5-25-BT-INT||||||||||GJ||5525BTINT|||||||||||||||||213.84|||
SHERIDAN CTY SD2||||||||||||||||||Account Inquiry - Fiscal Year - Include Encumbrances|||||||||||||||||Page: 5
07/17/2025 8:46 AM||||||||||||||||||||||||07/2024|-|06/2025|||||||||User ID: CBF
|Entry Date||Description||||||||||JR||Reference|||Invoice / Cost||Purchase||||Vendor ID/Name||||||Budgeted Amount|Debit Amount|Credit Amount|Outstanding||Account Balance
|||||||||||||||||||||||||||||||||||
|||||||||||||||Number|||Center||Order|||||||||||||||
Fund:||01|||GENERAL FUND||||||||||||||||||||||||||||||
|05/12/2025||5-12-25-CD-INT||||||||||GJ||51225CDINT|||||||||||||||||32,559.68|||
|05/31/2025||General Fund||||||||||GJ||5-31 INT|||||||||||||||||33,368.30|||
|05/31/2025||A/P Clearing||||||||||GJ||5-31 INT|||||||||||||||||1,363.52|||
|05/31/2025||Payroll Clearing||||||||||GJ||5-31 INT|||||||||||||||||4,678.89|||
|06/09/2025||6-10-25-CD-INT||||||||||GJ||61025CDINT|||||||||||||||||35,691.55|||
|06/09/2025||6-9-26-BT-INT||||||||||GJ||6925BTINT|||||||||||||||||4.38|||
|06/09/2025||6-9-25-IHR-INT||||||||||GJ||6925IHRINT|||||||||||||||||242.51|||
|06/30/2025||General Fund||||||||||GJ||6-30 INT|||||||||||||||||26,609.79|||
|06/30/2025||A/P Clearing||||||||||GJ||6-30 INT|||||||||||||||||2,478.96|||
|06/30/2025||Payroll Clearing||||||||||GJ||6-30 INT|||||||||||||||||4,160.06|||
|06/30/2025||6-30-25-Accred Interest||||||||||GJ||62025AI|||||||||||||||||31,046.55|||
|06/30/2025||6-30-25-GRANT INT||||||||||GJ||63025GRANTIN|||||||||||||||||74,557.44|||
|06/30/2025||7-9-25-BT-INT||||||||||GJ||7925BTINT|||||||||||||||||0.29|||
|06/30/2025||7-9-25-IHR-INT||||||||||GJ||7925IHRINT|||||||||||||||||261.43|||
01 000 81510||||||||INTEREST ON INVESTMENTS|||||||||||||*Current Activity|||||||||||818,949.46|||818,949.46
||||||||INTEREST ON INVESTMENTS Total:||||||||||||||||||||||0.00|0.00|818,949.46|0.00||818,949.46
||||||||||||||||||||||||||||Budget Balance||(818,949.46)|||||
01 000 81590||||||||OTHER INTEREST-COUNTY TREAS|||||||||||||*Previous Balance||||||||||||||0.00
|07/17/2024||JUNE 2024 COUNTY TREASURER||||||||||CR||19569|||||||||||||||||24.47|||
|||REVENUE #2||||||||||||||||||||||||||||||||
|07/17/2024||JUNE 2024 - TREASURER REV||||||||||CR||19569*||||||||||||||||0.01||||
|||POSTING CORR||||||||||||||||||||||||||||||||
|08/27/2024||JUNE 2024 COUNTY TREASURER||||||||||CR||19586|||||||||||||||||48.13|||
|||REVENUE||||||||||||||||||||||||||||||||
|08/27/2024||Reversal: JUNE 2024 COUNTY||||||||||CR|*|19586||||||||||||||||48.13||||
|||TREASURER REV||||||||||||||||||||||||||||||||
|08/27/2024||Correction: JULY 2024 COUNTY||||||||||CR|*|19586|||||||||||||||||48.13|||
|||TREASURER R||||||||||||||||||||||||||||||||
|09/18/2024||AUGUST 2024 COUNTY TREASURER||||||||||CR||19597|||||||||||||||||45.67|||
|||REVENUE||||||||||||||||||||||||||||||||
|10/17/2024||SEPT 2024 COUNTY TREASURER||||||||||CR||19607|||||||||||||||||103.79|||
|||REVENUE||||||||||||||||||||||||||||||||
|11/13/2024||OCT 2024 COUNTY TREASURER||||||||||CR||19613|||||||||||||||||219.37|||
|||REVENUE||||||||||||||||||||||||||||||||
|12/23/2024||NOV 2024 COUNTY TREASURER||||||||||CR||19625|||||||||||||||||578.12|||
|||REVENUE||||||||||||||||||||||||||||||||
|01/23/2025||DEC 2024 COUNTY TREASURER||||||||||GJ||012325-TREAS|||||||||||||||||321.19|||
|||REVENUE - DEP||||||||||||||||||||||||||||||||
|02/14/2025||JAN 2025 COUNTY TREASURER||||||||||GJ||021425-TREAS|||||||||||||||||56.44|||
|||REVENUE - DEP||||||||||||||||||||||||||||||||
|03/14/2025||FEB 2025 COUNTY TREASURER||||||||||GJ||031425-TREAS|||||||||||||||||33.80|||
|||REVENUE - DEP||||||||||||||||||||||||||||||||
SHERIDAN CTY SD2||||||||||||||||||Account Inquiry - Fiscal Year - Include Encumbrances|||||||||||||||||Page: 6
07/17/2025 8:46 AM||||||||||||||||||||||||07/2024|-|06/2025|||||||||User ID: CBF
|Entry Date||Description||||||||||JR||Reference|||Invoice / Cost||Purchase||||Vendor ID/Name||||||Budgeted Amount|Debit Amount|Credit Amount|Outstanding||Account Balance
|||||||||||||||||||||||||||||||||||
|||||||||||||||Number|||Center||Order|||||||||||||||
Fund:||01|||GENERAL FUND||||||||||||||||||||||||||||||
|04/11/2025||MAR 2025 COUNTY TREASURER||||||||||GJ||041125-TREAS|||||||||||||||||50.36|||
|||REVENUE - DEP||||||||||||||||||||||||||||||||
|05/19/2025||APR 2025 COUNTY TREASURER||||||||||GJ||051925-TREAS|||||||||||||||||104.24|||
|||REVENUE - DEP||||||||||||||||||||||||||||||||
|06/17/2025||MAY 2025 COUNTY TREASURER||||||||||GJ||061725-TREAS|||||||||||||||||471.03|||
|||REVENUE - DEP||||||||||||||||||||||||||||||||
01 000 81590||||||||OTHER INTEREST-COUNTY TREAS|||||||||||||*Current Activity||||||||||48.14|2,104.74|||2,056.60
||||||||OTHER INTEREST-COUNTY TREAS Total:||||||||||||||||||||||0.00|48.14|2,104.74|0.00||2,056.60
||||||||||||||||||||||||||||Budget Balance||(2,056.60)|||||
01 000 81910||||||||RENTAL OF SCHOOL FACILITIES|||||||||||||*Previous Balance||||||||||||||0.00
|07/17/2024||FACILITY RENTAL - CLOUD PEAK||||||||||CR||19570|||||||||||||||||3,288.75|||
|||VOLLEYBALL||||||||||||||||||||||||||||||||
|07/25/2024||FACILITY RENTAL - CC PYMT - MERIT||||||||||CR||072524-CC|||||||||||||||||112.50|||
|||ARTS C||||||||||||||||||||||||||||||||
|08/01/2024||FACILITY RENTAL - GALE SMITH||||||||||CR||19576|||||||||||||||||585.00|||
|||TRAVEL||||||||||||||||||||||||||||||||
|08/01/2024||FACILITY RENTAL - BLACKTOOTH||||||||||CR||19581|||||||||||||||||10,932.50|||
|||VOLLEYBALL||||||||||||||||||||||||||||||||
|08/27/2024||FACILITY RENTAL - BLACK TOOTH||||||||||CR||19587|||||||||||||||||1,162.50|||
|||VOLLEYBALL||||||||||||||||||||||||||||||||
|09/18/2024||FACILITY RENTAL - SHERIDAN REC||||||||||CR||19599|||||||||||||||||761.25|||
|||DISTRICT||||||||||||||||||||||||||||||||
|09/26/2024||FACILITY RENTAL - SHERIDAN STORM||||||||||CR||19601|||||||||||||||||1,800.00|||
|||SOCCER||||||||||||||||||||||||||||||||
|11/25/2024||FACILITY RENTAL - SHERIDAN REC||||||||||CR||19619|||||||||||||||||7.50|||
|||DISTRICT||||||||||||||||||||||||||||||||
|12/23/2024||FACILITY RENTAL - BLACK MTN||||||||||CR||19623|||||||||||||||||3,460.00|||
|||SOCCER||||||||||||||||||||||||||||||||
|01/27/2025||FACILITY RENTAL - SHERIDAN YOUNG||||||||||CR||19635|||||||||||||||||187.50|||
|||LIFE||||||||||||||||||||||||||||||||
|01/27/2025||FACILITY RENTAL - SHERIDAN YOUNG||||||||||CR||19636|||||||||||||||||22.50|||
|||LIFE||||||||||||||||||||||||||||||||
|01/27/2025||FACILITY RENTAL - SHERIDAN REC||||||||||CR||19637|||||||||||||||||1,946.25|||
|||DIST||||||||||||||||||||||||||||||||
|01/27/2025||FACILITY RENTAL - SHERIDAN STORM||||||||||CR||19638|||||||||||||||||440.00|||
|||SOCCER||||||||||||||||||||||||||||||||
|01/27/2025||FACILITY RENTAL - SHERIDAN ELKS||||||||||CR||19641|||||||||||||||||300.00|||
|02/13/2025||FACILITY RENTAL - GRETCHEN||||||||||CR||19647|||||||||||||||||405.00|||
|||MCCAFFERTY||||||||||||||||||||||||||||||||
|02/18/2025||JAN 2025 CC - FACILITY RENTAL -||||||||||CR||CC-JAN25|||||||||||||||||340.00|||
|||STRAHAN||||||||||||||||||||||||||||||||
|02/28/2025||FACILITY RENTAL - SHERIDAN REC||||||||||CR||19651|||||||||||||||||1,417.50|||
|||DIST||||||||||||||||||||||||||||||||
|03/14/2025||FACILITY RENTAL - SHERIDAN REC||||||||||CR||19653|||||||||||||||||990.00|||
|||DIST||||||||||||||||||||||||||||||||
|03/31/2025||FACILITY RENTAL - SHERIDAN||||||||||CR||19657|||||||||||||||||480.00|||
|||LACROSSE||||||||||||||||||||||||||||||||
|03/31/2025||FACILITY RENTAL - SHERIDAN SHOCK||||||||||CR||19658|||||||||||||||||240.00|||
|||- MARTI||||||||||||||||||||||||||||||||
|04/11/2025||Correction: FACILITY RENTAL - RYAN||||||||||CR|*|CC-MAR25|||||||||||||||||300.00|||
|||HEALY||||||||||||||||||||||||||||||||
|05/05/2025||FACILITY RENTAL - BLACK MTN||||||||||CR||19668|||||||||||||||||820.00|||
|||SOCCER||||||||||||||||||||||||||||||||
|05/23/2025||FACILITY RENTAL - GRACE ANGLICAN||||||||||CR||19672|||||||||||||||||187.50|||
|||CHURCH||||||||||||||||||||||||||||||||
SHERIDAN CTY SD2||||||||||||||||||Account Inquiry - Fiscal Year - Include Encumbrances|||||||||||||||||Page: 7
07/17/2025 8:46 AM||||||||||||||||||||||||07/2024|-|06/2025|||||||||User ID: CBF
|Entry Date||Description||||||||||JR||Reference|||Invoice / Cost||Purchase||||Vendor ID/Name||||||Budgeted Amount|Debit Amount|Credit Amount|Outstanding||Account Balance
|||||||||||||||||||||||||||||||||||
|||||||||||||||Number|||Center||Order|||||||||||||||
Fund:||01|||GENERAL FUND||||||||||||||||||||||||||||||
|05/29/2025||FACILITY RENTAL - SHERIDAN REC||||||||||CR||19674|||||||||||||||||735.00|||
|||DIST||||||||||||||||||||||||||||||||
|05/29/2025||FACILITY RENTAL - SHERIDAN REC||||||||||CR||19675|||||||||||||||||330.00|||
|||DIST||||||||||||||||||||||||||||||||
|06/06/2025||FACILITY RENTAL - CHURCH OF||||||||||CR||19679|||||||||||||||||1,302.50|||
|||LATTER DAY S||||||||||||||||||||||||||||||||
|06/23/2025||ADMIN CC - FACILITY RENTAL -||||||||||CR||CC-MAY25|||||||||||||||||225.00|||
|||STRAHAN||||||||||||||||||||||||||||||||
|06/24/2025||FACILITY RENTAL - CHILD||||||||||CR||19684|||||||||||||||||405.00|||
|||EVANGELISM OF NE||||||||||||||||||||||||||||||||
|06/24/2025||FACILITY RENTAL - YOUNG LIFE||||||||||CR||19685|||||||||||||||||240.00|||
01 000 81910||||||||RENTAL OF SCHOOL FACILITIES|||||||||||||*Current Activity|||||||||||33,423.75|||33,423.75
||||||||RENTAL OF SCHOOL FACILITIES Total:||||||||||||||||||||||0.00|0.00|33,423.75|0.00||33,423.75
||||||||||||||||||||||||||||Budget Balance||(33,423.75)|||||
01 000 81911||||||||RENTAL OF SCHOOL BUSES|||||||||||||*Previous Balance||||||||||||||0.00
|07/12/2024||BUS RENTAL - SHS GOLF TO BILLINGS||||||||||GJ||071224-GOLF|||||||||||||||||192.96|||
|07/15/2024||BUS RENTAL - GIRLS SOCCER @||||||||||GJ||071524-GSOC|||||||||||||||||633.15|||
|||SPEARFISH||||||||||||||||||||||||||||||||
|07/15/2024||BUS RENTAL - SHS VB TO SPEARFISH||||||||||GJ||071524-VB|||||||||||||||||952.07|||
|07/17/2024||BUS RENTAL - BRINTON MUSEUM||||||||||CR||19565|||||||||||||||||746.19|||
|07/17/2024||BUS RENTAL - JACOBSON/FAUBER||||||||||CR||19567|||||||||||||||||541.44|||
|07/17/2024||BUS RENTAL - KAYCEN TOWNSEND||||||||||CR||19568|||||||||||||||||665.32|||
|07/19/2024||BUS RENTAL - BAILEY MILLER||||||||||CR||19571|||||||||||||||||508.88|||
|07/19/2024||BUS RENTAL - BIGHORN TRAIL RUN||||||||||CR||19572|||||||||||||||||5,786.77|||
|07/29/2024||BUS RENTAL - HISTORY TO BILLINGS||||||||||GJ||072924-SJHS|||||||||||||||||1,064.14|||
|||6/19||||||||||||||||||||||||||||||||
|07/29/2024||BUS RENTAL - HISTORY TO BILLINGS||||||||||GJ||072924-SJHS1|||||||||||||||||1,004.13|||
|||6/24||||||||||||||||||||||||||||||||
|08/01/2024||BUS RENTAL - SHERIDAN WYO RODEO||||||||||CR||19579|||||||||||||||||3,888.95|||
|08/13/2024||BUS RENTAL - SHS FB TO LITTLE||||||||||GJ||081324-FB|||||||||||||||||127.30|||
|||GOOSE CAMP||||||||||||||||||||||||||||||||
|08/27/2024||BUS RENTAL - UNIVERSITY OF||||||||||CR||19592|||||||||||||||||1,309.88|||
|||WYOMING||||||||||||||||||||||||||||||||
|09/03/2024||BUS RENTAL - SHS VB TO FORT||||||||||GJ||090324-VB|||||||||||||||||469.13|||
|||COLLINS||||||||||||||||||||||||||||||||
|09/18/2024||BUS RENTAL - JULIE SANDBERG||||||||||CR||19596|||||||||||||||||547.00|||
|09/26/2024||BUS RENTAL - ELIZABETH BARBOUR||||||||||CR||19602|||||||||||||||||516.11|||
|09/30/2024||Correction: BUS RENTAL - HOLY NAME||||||||||CR|*|19604|||||||||||||||||358.84|||
|||CATHO||||||||||||||||||||||||||||||||
|11/06/2024||BUS RENTAL - SWCA ENVIRO||||||||||CR||19612|||||||||||||||||313.86|||
|||CONSULTANTS||||||||||||||||||||||||||||||||
|11/22/2024||BUS RENTAL - FOREST SERVICE [VIA||||||||||CR||19616|||||||||||||||||1,715.99|||
|||CC]||||||||||||||||||||||||||||||||
|01/27/2025||BUS RENTAL - 609 CONSULTING||||||||||CR||19639|||||||||||||||||381.74|||
SHERIDAN CTY SD2||||||||||||||||||Account Inquiry - Fiscal Year - Include Encumbrances|||||||||||||||||Page: 8
07/17/2025 8:46 AM||||||||||||||||||||||||07/2024|-|06/2025|||||||||User ID: CBF
|Entry Date||Description||||||||||JR||Reference|||Invoice / Cost||Purchase||||Vendor ID/Name||||||Budgeted Amount|Debit Amount|Credit Amount|Outstanding||Account Balance
|||||||||||||||||||||||||||||||||||
|||||||||||||||Number|||Center||Order|||||||||||||||
Fund:||01|||GENERAL FUND||||||||||||||||||||||||||||||
|02/13/2025||BUS RENTAL - SWCA ENVIR||||||||||CR||19645|||||||||||||||||322.27|||
|||CONSULTANTS||||||||||||||||||||||||||||||||
|04/11/2025||BUS RENTAL - ROOTED IN WYOMING||||||||||CR||19663|||||||||||||||||115.94|||
|04/11/2025||BUS RENTAL - CC - RYAN HEALY B-||||||||||CR||CC-MAR25|||||||||||||||||300.00|||
|||BALL||||||||||||||||||||||||||||||||
|04/11/2025||Reversal: BUS RENTAL - CC - RYAN||||||||||CR|*|CC-MAR25||||||||||||||||300.00||||
|||HEALY B||||||||||||||||||||||||||||||||
|04/30/2025||BUS RENTAL - WASPA CONFERENCE -||||||||||GJ||043025-WASPA|||||||||||||||||213.06|||
|||04.03.25||||||||||||||||||||||||||||||||
|06/19/2025||BUS RENTAL - SHS BOYS B-BALL TO||||||||||GJ||061925-BBB|||||||||||||||||2,568.85|||
|||SPEARFIS||||||||||||||||||||||||||||||||
|06/19/2025||BUS RENTAL - SHS FOOTBALL TO||||||||||GJ||061925-FB|||||||||||||||||121.53|||
|||SJHS||||||||||||||||||||||||||||||||
|06/19/2025||BUS RENTAL - SHS GIRLS B-BALL TO||||||||||GJ||061925-GBB|||||||||||||||||1,117.90|||
|||DILLON,||||||||||||||||||||||||||||||||
|06/19/2025||BUS RENTAL - SHS GIRLS B-BALL TO||||||||||GJ||061925-GBB|||||||||||||||||833.70|||
|||SALT LA||||||||||||||||||||||||||||||||
|06/24/2025||BUS RENTAL - NATL PRO AG STUDENT||||||||||CR||19687|||||||||||||||||1,636.30|||
|||ORG||||||||||||||||||||||||||||||||
|06/30/2025||BUS RENTAL - BIG HORN MTN TRAIL||||||||||CR||19688|||||||||||||||||4,779.03|||
|||RUN||||||||||||||||||||||||||||||||
01 000 81911||||||||RENTAL OF SCHOOL BUSES|||||||||||||*Current Activity||||||||||300.00|33,732.43|||33,432.43
||||||||RENTAL OF SCHOOL BUSES Total:||||||||||||||||||||||0.00|300.00|33,732.43|0.00||33,432.43
||||||||||||||||||||||||||||Budget Balance||(33,432.43)|||||
01 000 81990||||||||MISCELLANEOUS REVENUE|||||||||||||*Previous Balance||||||||||||||0.00
|07/17/2024||INSURANCE CLAIM - LIGHT POLE||||||||||CR||19566|||||||||||||||||5,824.00|||
|||DAMAGES AT||||||||||||||||||||||||||||||||
|07/17/2024||Reversal: INSURANCE CLAIM - LIGHT||||||||||CR|*|19566||||||||||||||||5,824.00||||
|||POLE D||||||||||||||||||||||||||||||||
|07/19/2024||Correction: MAY 2024 FUEL TAX REIMB -||||||||||CR|*|19574|||||||||||||||||285.43|||
|||WY||||||||||||||||||||||||||||||||
|07/31/2024||AP Clearing Checks||||||||||GJ||7-31 INT|||||||||||||||||250.00|||
|08/01/2024||CO-OP PURCHASING REBATE - NEW||||||||||CR||19577|||||||||||||||||242.30|||
|||BOCES||||||||||||||||||||||||||||||||
|08/01/2024||CO-OP PURCHASING REBATE - E&I||||||||||CR||19578|||||||||||||||||98.00|||
|08/01/2024||JUNE 2024 FUEL TAX REIMB - WYDOT||||||||||CR||19580|||||||||||||||||73.60|||
|08/09/2024||ADMIN UTILITIES REIMB - THRONE||||||||||CR||19582|||||||||||||||||173.29|||
|||LAW||||||||||||||||||||||||||||||||
|08/22/2024||FACS APPLIANCE SALE - MICHAEL||||||||||CR||19584|||||||||||||||||559.00|||
|||THOMAS||||||||||||||||||||||||||||||||
|08/22/2024||FACS APPLIANCE SALE - CHRYSTI||||||||||CR||19585|||||||||||||||||1,500.00|||
|||BLUEMEL||||||||||||||||||||||||||||||||
|08/27/2024||FACS APPLIANCE SALE - WADE||||||||||CR||19588|||||||||||||||||75.00|||
|||ROSENLUND||||||||||||||||||||||||||||||||
|08/27/2024||FACS APPLIANCE SALE - PENNY||||||||||CR||19589|||||||||||||||||500.00|||
|||HANIFY||||||||||||||||||||||||||||||||
|08/27/2024||FACS APPLIANCE SALE - CASH||||||||||CR||19590|||||||||||||||||150.00|||
|08/27/2024||FACS APPLIANCE SALE - PAUL||||||||||CR||19591|||||||||||||||||150.00|||
|||GRANUM||||||||||||||||||||||||||||||||
|08/27/2024||THORE DAMAGES INSURANCE REIMB||||||||||CR||19593|||||||||||||||||1,220.00|||
|||- GEICO||||||||||||||||||||||||||||||||
SHERIDAN CTY SD2||||||||||||||||||Account Inquiry - Fiscal Year - Include Encumbrances|||||||||||||||||Page: 9
07/17/2025 8:46 AM||||||||||||||||||||||||07/2024|-|06/2025|||||||||User ID: CBF
|Entry Date||Description||||||||||JR||Reference|||Invoice / Cost||Purchase||||Vendor ID/Name||||||Budgeted Amount|Debit Amount|Credit Amount|Outstanding||Account Balance
|||||||||||||||||||||||||||||||||||
|||||||||||||||Number|||Center||Order|||||||||||||||
Fund:||01|||GENERAL FUND||||||||||||||||||||||||||||||
|08/27/2024||Reversal: THORE DAMAGES||||||||||CR|*|19593||||||||||||||||1,220.00||||
|||INSURANCE REIMB||||||||||||||||||||||||||||||||
|08/27/2024||UNEMPLOYMENT INSURANCE REIMB -||||||||||CR||19594|||||||||||||||||11,608.08|||
|||STATE OF||||||||||||||||||||||||||||||||
|08/31/2024||AP Clearing Checks||||||||||GJ||8-31 INT|||||||||||||||||250.00|||
|09/18/2024||LOST BADGE REPLACEMENT FEE -||||||||||CR||19598|||||||||||||||||20.00|||
|||EVENSEN||||||||||||||||||||||||||||||||
|09/23/2024||FACS APPLIANCE SALE - MEGAN||||||||||CR||19600|||||||||||||||||256.00|||
|||CARFINO||||||||||||||||||||||||||||||||
|09/30/2024||BUS RENTAL - HOLY NAME CATHOLIC||||||||||CR||19604|||||||||||||||||358.84|||
|||SCHOOL||||||||||||||||||||||||||||||||
|09/30/2024||Reversal: BUS RENTAL - HOLY NAME||||||||||CR|*|19604||||||||||||||||358.84||||
|||CATHOLI||||||||||||||||||||||||||||||||
|09/30/2024||AP Clearing Checks||||||||||GJ||9-30 INT|||||||||||||||||250.00|||
|10/17/2024||THORE DAMAGE INSURANCE REIMB -||||||||||CR||19606|||||||||||||||||18,318.71|||
|||GEICO||||||||||||||||||||||||||||||||
|10/17/2024||Reversal: THORE DAMAGE INSURANCE||||||||||CR|*|19606||||||||||||||||18,318.71||||
|||REIMB -||||||||||||||||||||||||||||||||
|10/17/2024||JULY 2024 FUEL TAX REIMB - WYDOT||||||||||CR||19608|||||||||||||||||89.47|||
|10/22/2024||SEPT 2024 FUEL TAX REIMB - WYDOT||||||||||CR||19610|||||||||||||||||247.94|||
|10/31/2024||AP Clearing Checks||||||||||GJ||10-31 INT|||||||||||||||||250.00|||
|11/13/2024||ADMIN UTILITIES REIMB - THRONE||||||||||CR||19614|||||||||||||||||85.81|||
|||LAW||||||||||||||||||||||||||||||||
|11/25/2024||GARNHART SUB TEACHER REIMB -||||||||||CR||19618|||||||||||||||||336.00|||
|||UNIV OF WYO||||||||||||||||||||||||||||||||
|11/30/2024||AP Clearing Checks||||||||||GJ||11-30 INT|||||||||||||||||250.00|||
|12/23/2024||CRAFT SUB TEACHER REIMB - UNIV||||||||||CR||19624|||||||||||||||||453.00|||
|||OF WYOMIN||||||||||||||||||||||||||||||||
|12/23/2024||ADMIN UTILITIES REIMB - THRONE||||||||||CR||19626|||||||||||||||||85.81|||
|||LAW||||||||||||||||||||||||||||||||
|12/23/2024||OCT & NOV 2024 FUEL TAX REIMB -||||||||||CR||19627|||||||||||||||||542.57|||
|||WYDOT||||||||||||||||||||||||||||||||
|12/23/2024||BUS DAMAGES INSUR REIMB - CLAIMS||||||||||CR||19628|||||||||||||||||30,360.00|||
|||ASSOC||||||||||||||||||||||||||||||||
|12/23/2024||Reversal: BUS DAMAGES INSUR REIMB||||||||||CR|*|19628||||||||||||||||30,360.00||||
|||- CLAI||||||||||||||||||||||||||||||||
|12/31/2024||AP Clearing Checks||||||||||GJ||12-31 INT|||||||||||||||||250.00|||
|01/31/2025||AP Clearing Checks||||||||||GJ||1-31 INT|||||||||||||||||250.00|||
|02/13/2025||ADMIN UTILITIES REIMB - THRONE||||||||||CR||19646|||||||||||||||||85.81|||
|||LAW||||||||||||||||||||||||||||||||
|02/28/2025||ADMIN UTILITIES REIMB - THRONE||||||||||CR||19650|||||||||||||||||85.81|||
|||LAW||||||||||||||||||||||||||||||||
|02/28/2025||AP Clearing Checks||||||||||GJ||2-28 INT||||||||||||||||250.00||||
|03/06/2025||DEC 2024 FUEL TAX REIMB - WYDOT||||||||||CR||19652|||||||||||||||||206.31|||
|03/07/2025||LOST/REPL GATE WORKBOOK - SJHS||||||||||CR||030725-SJHS|||||||||||||||||20.00|||
SHERIDAN CTY SD2||||||||||||||||||Account Inquiry - Fiscal Year - Include Encumbrances|||||||||||||||||Page: 10
07/17/2025 8:46 AM||||||||||||||||||||||||07/2024|-|06/2025|||||||||User ID: CBF
|Entry Date||Description||||||||||JR||Reference|||Invoice / Cost||Purchase||||Vendor ID/Name||||||Budgeted Amount|Debit Amount|Credit Amount|Outstanding||Account Balance
|||||||||||||||||||||||||||||||||||
|||||||||||||||Number|||Center||Order|||||||||||||||
Fund:||01|||GENERAL FUND||||||||||||||||||||||||||||||
|03/31/2025||FEB 2025 FUEL TAX REIMB - WYDOT||||||||||CR||19659|||||||||||||||||225.63|||
|03/31/2025||JAN 2025 FUEL TAX REIMB - WYDOT||||||||||CR||19660|||||||||||||||||276.46|||
|03/31/2025||AP Clearing Checks||||||||||GJ||3-31 INT||||||||||||||||||||
|04/28/2025||MAR 2025 FUEL TAX REIMB - WYDOT||||||||||CR||19666|||||||||||||||||228.62|||
|04/30/2025||AP Clearing Checks||||||||||GJ||4-30 INT||||||||||||||||||||
|05/23/2025||REFUND FOR OVERPAYMENT ON||||||||||CR||19670|||||||||||||||||151.41|||
|||ACCT - TREMCO||||||||||||||||||||||||||||||||
|06/24/2025||APR 2025 FUEL TAX REIMB - WYDOT||||||||||CR||19681|||||||||||||||||297.85|||
|06/24/2025||REFUND FOR CREDIT ON ACCT -||||||||||CR||19683|||||||||||||||||29.55|||
|||RANGE||||||||||||||||||||||||||||||||
|06/24/2025||REFUND FOR CREDIT ON ACCT - CED||||||||||CR||19686|||||||||||||||||297.16|||
|06/30/2025||MAY 2025 FUEL TAX REIMB - WYDOT||||||||||CR||19689|||||||||||||||||310.50|||
01 000 81990||||||||MISCELLANEOUS REVENUE|||||||||||||*Current Activity||||||||||56,331.55|77,577.96|||21,246.41
||||||||MISCELLANEOUS REVENUE Total:||||||||||||||||||||||0.00|56,331.55|77,577.96|0.00||21,246.41
||||||||||||||||||||||||||||Budget Balance||(21,246.41)|||||
01 000 81990 002||||||||MISC REVENUE - INSURANCE CLAIMS|||||||||||||*Previous Balance||||||||||||||0.00
|07/17/2024||Correction: INSURANCE CLAIM - LIGHT||||||||||CR|*|19566|||||||||||||||||5,824.00|||
|||POLE||||||||||||||||||||||||||||||||
|08/27/2024||Correction: THORE DAMAGES||||||||||CR|*|19593|||||||||||||||||1,220.00|||
|||INSURANCE REIM||||||||||||||||||||||||||||||||
|10/17/2024||Correction: THORE DAMAGE||||||||||CR|*|19606|||||||||||||||||18,318.71|||
|||INSURANCE REIMB||||||||||||||||||||||||||||||||
|12/23/2024||Correction: BUS DAMAGES INSUR||||||||||CR|*|19628|||||||||||||||||30,360.00|||
|||REIMB - CL||||||||||||||||||||||||||||||||
|04/11/2025||INSURANCE REIMB - 2016 BUS -||||||||||CR||19662|||||||||||||||||5,000.00|||
|||CLAIMS ASSO||||||||||||||||||||||||||||||||
|04/17/2025||INSURANCE REIMB - HAIL DAMAGE -||||||||||CR||19665|||||||||||||||||28,022.50|||
|||CLAIMS A||||||||||||||||||||||||||||||||
01 000 81990 002||||||||MISC REVENUE - INSURANCE CLAIMS|||||||||||||*Current Activity|||||||||||88,745.21|||88,745.21
||||||||MISC REVENUE - INSURANCE CLAIMS Total:||||||||||||||||||||||0.00|0.00|88,745.21|0.00||88,745.21
||||||||||||||||||||||||||||Budget Balance||(88,745.21)|||||
01 000 81991||||||||DIST E-RATE REIMB REV|||||||||||||*Previous Balance||||||||||||||0.00
|11/25/2024||E-RATE REIMB - UNITE PRIVATE||||||||||CR||19617|||||||||||||||||58,500.00|||
|||NETWORKS||||||||||||||||||||||||||||||||
|12/04/2024||FY25 E-RATE REIMB - USAC||||||||||CR||19629|||||||||||||||||72,460.16|||
|12/04/2024||FY25 E-RATE REIMB - USAC||||||||||CR||19629|||||||||||||||||83,322.86|||
|12/11/2024||FY25 E-RATE REIMB - USAC||||||||||CR||19630|||||||||||||||||21,000.00|||
01 000 81991||||||||DIST E-RATE REIMB REV|||||||||||||*Current Activity|||||||||||235,283.02|||235,283.02
||||||||DIST E-RATE REIMB REV Total:||||||||||||||||||||||0.00|0.00|235,283.02|0.00||235,283.02
||||||||||||||||||||||||||||Budget Balance||(235,283.02)|||||
01 000 82110||||||||6 MILL COUNTY TAX|||||||||||||*Previous Balance||||||||||||||0.00
|07/17/2024||JUNE 2024 COUNTY TREASURER||||||||||CR||19569|||||||||||||||||15,751.04|||
|||REVENUE #2||||||||||||||||||||||||||||||||
SHERIDAN CTY SD2||||||||||||||||||Account Inquiry - Fiscal Year - Include Encumbrances|||||||||||||||||Page: 11
07/17/2025 8:46 AM||||||||||||||||||||||||07/2024|-|06/2025|||||||||User ID: CBF
|Entry Date||Description||||||||||JR||Reference|||Invoice / Cost||Purchase||||Vendor ID/Name||||||Budgeted Amount|Debit Amount|Credit Amount|Outstanding||Account Balance
|||||||||||||||||||||||||||||||||||
|||||||||||||||Number|||Center||Order|||||||||||||||
Fund:||01|||GENERAL FUND||||||||||||||||||||||||||||||
|08/27/2024||JUNE 2024 COUNTY TREASURER||||||||||CR||19586|||||||||||||||||15,102.34|||
|||REVENUE||||||||||||||||||||||||||||||||
|08/27/2024||Reversal: JUNE 2024 COUNTY||||||||||CR|*|19586||||||||||||||||15,102.34||||
|||TREASURER REV||||||||||||||||||||||||||||||||
|08/27/2024||Correction: JULY 2024 COUNTY||||||||||CR|*|19586|||||||||||||||||15,102.34|||
|||TREASURER R||||||||||||||||||||||||||||||||
|09/18/2024||AUGUST 2024 COUNTY TREASURER||||||||||CR||19597|||||||||||||||||15,644.16|||
|||REVENUE||||||||||||||||||||||||||||||||
|10/17/2024||SEPT 2024 COUNTY TREASURER||||||||||CR||19607|||||||||||||||||143,597.73|||
|||REVENUE||||||||||||||||||||||||||||||||
|11/13/2024||OCT 2024 COUNTY TREASURER||||||||||CR||19613|||||||||||||||||447,392.10|||
|||REVENUE||||||||||||||||||||||||||||||||
|12/23/2024||NOV 2024 COUNTY TREASURER||||||||||CR||19625|||||||||||||||||1,021,499.06|||
|||REVENUE||||||||||||||||||||||||||||||||
|01/23/2025||DEC 2024 COUNTY TREASURER||||||||||GJ||012325-TREAS|||||||||||||||||583,318.15|||
|||REVENUE - DEP||||||||||||||||||||||||||||||||
|02/14/2025||JAN 2025 COUNTY TREASURER||||||||||GJ||021425-TREAS|||||||||||||||||43,252.92|||
|||REVENUE - DEP||||||||||||||||||||||||||||||||
|03/14/2025||FEB 2025 COUNTY TREASURER||||||||||GJ||031425-TREAS|||||||||||||||||17,188.23|||
|||REVENUE - DEP||||||||||||||||||||||||||||||||
|04/11/2025||MAR 2025 COUNTY TREASURER||||||||||GJ||041125-TREAS|||||||||||||||||34,312.26|||
|||REVENUE - DEP||||||||||||||||||||||||||||||||
|05/19/2025||APR 2025 COUNTY TREASURER||||||||||GJ||051925-TREAS|||||||||||||||||117,086.18|||
|||REVENUE - DEP||||||||||||||||||||||||||||||||
|06/17/2025||MAY 2025 COUNTY TREASURER||||||||||GJ||061725-TREAS|||||||||||||||||795,126.86|||
|||REVENUE - DEP||||||||||||||||||||||||||||||||
01 000 82110||||||||6 MILL COUNTY TAX|||||||||||||*Current Activity||||||||||15,102.34|3,264,373.37|||3,249,271.03
||||||||6 MILL COUNTY TAX Total:||||||||||||||||||||||0.00|15,102.34|3,264,373.37|0.00||3,249,271.03
||||||||||||||||||||||||||||Budget Balance||(3,249,271.03)|||||
01 000 82111||||||||6 MILL TAX - PRIOR YEARS|||||||||||||*Previous Balance||||||||||||||0.00
|07/17/2024||JUNE 2024 COUNTY TREASURER||||||||||CR||19569|||||||||||||||||356.45|||
|||REVENUE #2||||||||||||||||||||||||||||||||
|08/27/2024||JUNE 2024 COUNTY TREASURER||||||||||CR||19586|||||||||||||||||149.04|||
|||REVENUE||||||||||||||||||||||||||||||||
|08/27/2024||Reversal: JUNE 2024 COUNTY||||||||||CR|*|19586||||||||||||||||149.04||||
|||TREASURER REV||||||||||||||||||||||||||||||||
|08/27/2024||Correction: JULY 2024 COUNTY||||||||||CR|*|19586|||||||||||||||||149.04|||
|||TREASURER R||||||||||||||||||||||||||||||||
|09/18/2024||AUGUST 2024 COUNTY TREASURER||||||||||CR||19597|||||||||||||||||466.10|||
|||REVENUE||||||||||||||||||||||||||||||||
|10/17/2024||SEPT 2024 COUNTY TREASURER||||||||||CR||19607|||||||||||||||||304.78|||
|||REVENUE||||||||||||||||||||||||||||||||
|11/13/2024||OCT 2024 COUNTY TREASURER||||||||||CR||19613|||||||||||||||||220.66|||
|||REVENUE||||||||||||||||||||||||||||||||
|12/23/2024||NOV 2024 COUNTY TREASURER||||||||||CR||19625|||||||||||||||||218.45|||
|||REVENUE||||||||||||||||||||||||||||||||
|01/23/2025||DEC 2024 COUNTY TREASURER||||||||||GJ||012325-TREAS|||||||||||||||||1,572.88|||
|||REVENUE - DEP||||||||||||||||||||||||||||||||
|02/14/2025||JAN 2025 COUNTY TREASURER||||||||||GJ||021425-TREAS|||||||||||||||||1,335.96|||
|||REVENUE - DEP||||||||||||||||||||||||||||||||
|03/14/2025||FEB 2025 COUNTY TREASURER||||||||||GJ||031425-TREAS|||||||||||||||||392.08|||
|||REVENUE - DEP||||||||||||||||||||||||||||||||
|04/11/2025||MAR 2025 COUNTY TREASURER||||||||||GJ||041125-TREAS|||||||||||||||||442.71|||
|||REVENUE - DEP||||||||||||||||||||||||||||||||
|05/19/2025||APR 2025 COUNTY TREASURER||||||||||GJ||051925-TREAS|||||||||||||||||123.13|||
|||REVENUE - DEP||||||||||||||||||||||||||||||||
SHERIDAN CTY SD2||||||||||||||||||Account Inquiry - Fiscal Year - Include Encumbrances|||||||||||||||||Page: 12
07/17/2025 8:46 AM||||||||||||||||||||||||07/2024|-|06/2025|||||||||User ID: CBF
|Entry Date||Description||||||||||JR||Reference|||Invoice / Cost||Purchase||||Vendor ID/Name||||||Budgeted Amount|Debit Amount|Credit Amount|Outstanding||Account Balance
|||||||||||||||||||||||||||||||||||
|||||||||||||||Number|||Center||Order|||||||||||||||
Fund:||01|||GENERAL FUND||||||||||||||||||||||||||||||
01 000 82111||||||||6 MILL TAX - PRIOR YEARS|||||||||||||*Current Activity||||||||||149.04|5,731.28|||5,582.24
||||||||6 MILL TAX - PRIOR YEARS Total:||||||||||||||||||||||0.00|149.04|5,731.28|0.00||5,582.24
||||||||||||||||||||||||||||Budget Balance||(5,582.24)|||||
01 000 82120||||||||MOTOR VEHICLE TAX|||||||||||||*Previous Balance||||||||||||||0.00
|07/17/2024||JUNE 2024 COUNTY TREASURER||||||||||CR||19569|||||||||||||||||27,058.83|||
|||REVENUE #2||||||||||||||||||||||||||||||||
|08/27/2024||Reversal: JUNE 2024 COUNTY||||||||||CR|*|19586||||||||||||||||56,930.29||||
|||TREASURER REV||||||||||||||||||||||||||||||||
|08/27/2024||Correction: JULY 2024 COUNTY||||||||||CR|*|19586|||||||||||||||||56,930.29|||
|||TREASURER R||||||||||||||||||||||||||||||||
|08/27/2024||JUNE 2024 COUNTY TREASURER||||||||||CR||19586|||||||||||||||||56,930.29|||
|||REVENUE||||||||||||||||||||||||||||||||
|09/18/2024||AUGUST 2024 COUNTY TREASURER||||||||||CR||19597|||||||||||||||||60,526.97|||
|||REVENUE||||||||||||||||||||||||||||||||
|10/17/2024||SEPT 2024 COUNTY TREASURER||||||||||CR||19607|||||||||||||||||51,104.27|||
|||REVENUE||||||||||||||||||||||||||||||||
|11/13/2024||OCT 2024 COUNTY TREASURER||||||||||CR||19613|||||||||||||||||65,958.46|||
|||REVENUE||||||||||||||||||||||||||||||||
|12/23/2024||NOV 2024 COUNTY TREASURER||||||||||CR||19625|||||||||||||||||42,542.60|||
|||REVENUE||||||||||||||||||||||||||||||||
|01/23/2025||DEC 2024 COUNTY TREASURER||||||||||GJ||012325-TREAS|||||||||||||||||58,694.69|||
|||REVENUE - DEP||||||||||||||||||||||||||||||||
|02/14/2025||JAN 2025 COUNTY TREASURER||||||||||GJ||021425-TREAS|||||||||||||||||47,650.16|||
|||REVENUE - DEP||||||||||||||||||||||||||||||||
|03/14/2025||FEB 2025 COUNTY TREASURER||||||||||GJ||031425-TREAS|||||||||||||||||41,800.29|||
|||REVENUE - DEP||||||||||||||||||||||||||||||||
|04/11/2025||MAR 2025 COUNTY TREASURER||||||||||GJ||041125-TREAS|||||||||||||||||53,760.93|||
|||REVENUE - DEP||||||||||||||||||||||||||||||||
|05/19/2025||APR 2025 COUNTY TREASURER||||||||||GJ||051925-TREAS|||||||||||||||||56,808.98|||
|||REVENUE - DEP||||||||||||||||||||||||||||||||
|06/17/2025||MAY 2025 COUNTY TREASURER||||||||||GJ||061725-TREAS|||||||||||||||||61,225.26|||
|||REVENUE - DEP||||||||||||||||||||||||||||||||
01 000 82120||||||||MOTOR VEHICLE TAX|||||||||||||*Current Activity||||||||||56,930.29|680,992.02|||624,061.73
||||||||MOTOR VEHICLE TAX Total:||||||||||||||||||||||0.00|56,930.29|680,992.02|0.00||624,061.73
||||||||||||||||||||||||||||Budget Balance||(624,061.73)|||||
01 000 82130||||||||CAR COMPANY TAX|||||||||||||*Previous Balance||||||||||||||0.00
|07/17/2024||JUNE 2024 COUNTY TREASURER||||||||||CR||19569|||||||||||||||||8,264.04|||
|||REVENUE #2||||||||||||||||||||||||||||||||
01 000 82130||||||||CAR COMPANY TAX|||||||||||||*Current Activity|||||||||||8,264.04|||8,264.04
||||||||CAR COMPANY TAX Total:||||||||||||||||||||||0.00|0.00|8,264.04|0.00||8,264.04
||||||||||||||||||||||||||||Budget Balance||(8,264.04)|||||
01 000 82140||||||||DELINQUENT COUNTY TAXES|||||||||||||*Previous Balance||||||||||||||0.00
|07/17/2024||JUNE 2024 COUNTY TREASURER||||||||||CR||19569|||||||||||||||||860.20|||
|||REVENUE #2||||||||||||||||||||||||||||||||
|08/27/2024||JUNE 2024 COUNTY TREASURER||||||||||CR||19586|||||||||||||||||1,047.69|||
|||REVENUE||||||||||||||||||||||||||||||||
|08/27/2024||Reversal: JUNE 2024 COUNTY||||||||||CR|*|19586||||||||||||||||1,047.69||||
|||TREASURER REV||||||||||||||||||||||||||||||||
|08/27/2024||Correction: JULY 2024 COUNTY||||||||||CR|*|19586|||||||||||||||||1,047.69|||
|||TREASURER R||||||||||||||||||||||||||||||||
|09/18/2024||AUGUST 2024 COUNTY TREASURER||||||||||CR||19597|||||||||||||||||1,310.49|||
|||REVENUE||||||||||||||||||||||||||||||||
|10/17/2024||SEPT 2024 COUNTY TREASURER||||||||||CR||19607|||||||||||||||||41.57|||
|||REVENUE||||||||||||||||||||||||||||||||
SHERIDAN CTY SD2||||||||||||||||||Account Inquiry - Fiscal Year - Include Encumbrances|||||||||||||||||Page: 13
07/17/2025 8:46 AM||||||||||||||||||||||||07/2024|-|06/2025|||||||||User ID: CBF
|Entry Date||Description||||||||||JR||Reference|||Invoice / Cost||Purchase||||Vendor ID/Name||||||Budgeted Amount|Debit Amount|Credit Amount|Outstanding||Account Balance
|||||||||||||||||||||||||||||||||||
|||||||||||||||Number|||Center||Order|||||||||||||||
Fund:||01|||GENERAL FUND||||||||||||||||||||||||||||||
|11/13/2024||OCT 2024 COUNTY TREASURER||||||||||CR||19613|||||||||||||||||116.74|||
|||REVENUE||||||||||||||||||||||||||||||||
|12/23/2024||NOV 2024 COUNTY TREASURER||||||||||CR||19625|||||||||||||||||105.93|||
|||REVENUE||||||||||||||||||||||||||||||||
|01/23/2025||DEC 2024 COUNTY TREASURER||||||||||GJ||012325-TREAS|||||||||||||||||236.97|||
|||REVENUE - DEP||||||||||||||||||||||||||||||||
|02/14/2025||JAN 2025 COUNTY TREASURER||||||||||GJ||021425-TREAS|||||||||||||||||485.45|||
|||REVENUE - DEP||||||||||||||||||||||||||||||||
|03/14/2025||FEB 2025 COUNTY TREASURER||||||||||GJ||031425-TREAS|||||||||||||||||328.22|||
|||REVENUE - DEP||||||||||||||||||||||||||||||||
|04/11/2025||MAR 2025 COUNTY TREASURER||||||||||GJ||041125-TREAS|||||||||||||||||534.14|||
|||REVENUE - DEP||||||||||||||||||||||||||||||||
|05/19/2025||APR 2025 COUNTY TREASURER||||||||||GJ||051925-TREAS|||||||||||||||||417.19|||
|||REVENUE - DEP||||||||||||||||||||||||||||||||
|06/17/2025||MAY 2025 COUNTY TREASURER||||||||||GJ||061725-TREAS|||||||||||||||||1,806.09|||
|||REVENUE - DEP||||||||||||||||||||||||||||||||
01 000 82140||||||||DELINQUENT COUNTY TAXES|||||||||||||*Current Activity||||||||||1,047.69|8,338.37|||7,290.68
||||||||DELINQUENT COUNTY TAXES Total:||||||||||||||||||||||0.00|1,047.69|8,338.37|0.00||7,290.68
||||||||||||||||||||||||||||Budget Balance||(7,290.68)|||||
01 000 82150||||||||FINES & FORFEITURES|||||||||||||*Previous Balance||||||||||||||0.00
|08/27/2024||Reversal: JUNE 2024 COUNTY||||||||||CR|*|19586||||||||||||||||77,735.37||||
|||TREASURER REV||||||||||||||||||||||||||||||||
|08/27/2024||Correction: JULY 2024 COUNTY||||||||||CR|*|19586|||||||||||||||||77,735.37|||
|||TREASURER R||||||||||||||||||||||||||||||||
|08/27/2024||JUNE 2024 COUNTY TREASURER||||||||||CR||19586|||||||||||||||||77,735.37|||
|||REVENUE||||||||||||||||||||||||||||||||
|09/18/2024||AUGUST 2024 COUNTY TREASURER||||||||||CR||19597|||||||||||||||||23,475.66|||
|||REVENUE||||||||||||||||||||||||||||||||
|10/17/2024||SEPT 2024 COUNTY TREASURER||||||||||CR||19607|||||||||||||||||26,822.77|||
|||REVENUE||||||||||||||||||||||||||||||||
|11/13/2024||OCT 2024 COUNTY TREASURER||||||||||CR||19613|||||||||||||||||74,811.27|||
|||REVENUE||||||||||||||||||||||||||||||||
|12/23/2024||NOV 2024 COUNTY TREASURER||||||||||CR||19625|||||||||||||||||21,736.29|||
|||REVENUE||||||||||||||||||||||||||||||||
|01/23/2025||DEC 2024 COUNTY TREASURER||||||||||GJ||012325-TREAS|||||||||||||||||21,262.71|||
|||REVENUE - DEP||||||||||||||||||||||||||||||||
|02/14/2025||JAN 2025 COUNTY TREASURER||||||||||GJ||021425-TREAS|||||||||||||||||81,040.04|||
|||REVENUE - DEP||||||||||||||||||||||||||||||||
|03/14/2025||FEB 2025 COUNTY TREASURER||||||||||GJ||031425-TREAS|||||||||||||||||21,919.00|||
|||REVENUE - DEP||||||||||||||||||||||||||||||||
|04/11/2025||MAR 2025 COUNTY TREASURER||||||||||GJ||041125-TREAS|||||||||||||||||19,463.54|||
|||REVENUE - DEP||||||||||||||||||||||||||||||||
|05/19/2025||APR 2025 COUNTY TREASURER||||||||||GJ||051925-TREAS|||||||||||||||||72,692.47|||
|||REVENUE - DEP||||||||||||||||||||||||||||||||
|06/17/2025||MAY 2025 COUNTY TREASURER||||||||||GJ||061725-TREAS|||||||||||||||||25,018.40|||
|||REVENUE - DEP||||||||||||||||||||||||||||||||
01 000 82150||||||||FINES & FORFEITURES|||||||||||||*Current Activity||||||||||77,735.37|543,712.89|||465,977.52
||||||||FINES & FORFEITURES Total:||||||||||||||||||||||0.00|77,735.37|543,712.89|0.00||465,977.52
||||||||||||||||||||||||||||Budget Balance||(465,977.52)|||||
01 000 83110||||||||FOUNDATION PROGRAM REVENUE|||||||||||||*Previous Balance||||||||||||||0.00
|08/15/2024||AUG 2024 - SCHOOL FOUNDATION||||||||||CR||19583|||||||||||||||||3,138,725.16|||
|||PYMT||||||||||||||||||||||||||||||||
|09/16/2024||SEPT 2024 - SCHOOL FOUNDATION||||||||||CR||19595|||||||||||||||||2,648,398.57|||
|||PYMT||||||||||||||||||||||||||||||||
SHERIDAN CTY SD2||||||||||||||||||Account Inquiry - Fiscal Year - Include Encumbrances|||||||||||||||||Page: 14
07/17/2025 8:46 AM||||||||||||||||||||||||07/2024|-|06/2025|||||||||User ID: CBF
|Entry Date||Description||||||||||JR||Reference|||Invoice / Cost||Purchase||||Vendor ID/Name||||||Budgeted Amount|Debit Amount|Credit Amount|Outstanding||Account Balance
|||||||||||||||||||||||||||||||||||
|||||||||||||||Number|||Center||Order|||||||||||||||
Fund:||01|||GENERAL FUND||||||||||||||||||||||||||||||
|10/15/2024||OCT 2024 - SCHOOL FOUNDATION||||||||||CR||19605|||||||||||||||||2,310,246.83|||
|||PYMT||||||||||||||||||||||||||||||||
|11/14/2024||NOV 2024 - SCHOOL FOUNDATION||||||||||CR||19615|||||||||||||||||2,640,587.75|||
|||PYMT||||||||||||||||||||||||||||||||
|12/11/2024||DEC 2024 - SCHOOL FOUNDATION||||||||||CR||19622|||||||||||||||||2,386,212.95|||
|||PYMT||||||||||||||||||||||||||||||||
|01/15/2025||JAN 2025 - SCHOOL FOUNDATION||||||||||CR||19632|||||||||||||||||2,416,633.58|||
|||PYMT||||||||||||||||||||||||||||||||
|02/14/2025||FEB 2025 - SCHOOL FOUNDATION||||||||||CR||19648|||||||||||||||||2,390,893.06|||
|||PYMT||||||||||||||||||||||||||||||||
|03/14/2025||MAR 2025 - SCHOOL FOUNDATION||||||||||CR||19654|||||||||||||||||2,390,893.05|||
|||PYMT||||||||||||||||||||||||||||||||
|04/15/2025||APR 2025 - SCHOOL FOUNDATION||||||||||CR||19664|||||||||||||||||1,085,613.95|||
|||PYMT||||||||||||||||||||||||||||||||
|05/14/2025||MAY 2025 - SCHOOL FOUNDATION||||||||||CR||19669|||||||||||||||||1,126,747.63|||
|||PYMT||||||||||||||||||||||||||||||||
01 000 83110||||||||FOUNDATION PROGRAM REVENUE|||||||||||||*Current Activity|||||||||||22,534,952.53|||22,534,952.53
||||||||FOUNDATION PROGRAM REVENUE Total:||||||||||||||||||||||0.00|0.00|22,534,952.53|0.00||22,534,952.53
||||||||||||||||||||||||||||Budget Balance||(22,534,952.53)|||||
01 000 83111||||||||AUDIT ADJ - STATE FOUNDATION PROGRAM|||||||||||||*Previous Balance||||||||||||||0.00
|06/12/2025||AUDIT ADJ - STATE FOUNDATION||||||||||CD||1 138307|||SCHOOL FND||||||117926 WY DEPT OF EDUCATION|||||||18,728.97||||
|||PROGRAM|||||||||||||||PROG.2022|||||||||||||||||
01 000 83111||||||||AUDIT ADJ - STATE FOUNDATION PROGRAM|||||||||||||*Current Activity||||||||||18,728.97||||(18,728.97)
||||||||AUDIT ADJ - STATE FOUNDATION PROGRAM Total:||||||||||||||||||||||0.00|18,728.97|0.00|0.00||(18,728.97)
||||||||||||||||||||||||||||Budget Balance||18,728.97|||||
01 000 83120||||||||DIST SPED REVENUE|||||||||||||*Previous Balance||||||||||||||0.00
|08/15/2024||AUG 2024 - SPED REIMB PYMT||||||||||CR||19583|||||||||||||||||941,590.65|||
|09/16/2024||SEPT 2024 - SPED REIMB PYMT||||||||||CR||19595|||||||||||||||||627,727.11|||
|10/15/2024||OCT 2024 - SPED REIMB PYMT||||||||||CR||19605|||||||||||||||||627,727.10|||
|11/14/2024||NOV 2024 - SPED REIMB PYMT||||||||||CR||19615|||||||||||||||||627,727.10|||
|12/11/2024||DEC 2024 - SPED REIMB PYMT||||||||||CR||19622|||||||||||||||||627,727.10|||
|01/15/2025||JAN 2025 - SPED REIMB PYMT||||||||||CR||19632|||||||||||||||||627,727.10|||
|02/14/2025||FEB 2025 - SPED REIMB PYMT||||||||||CR||19648|||||||||||||||||627,727.11|||
|03/14/2025||MAR 2025 - SPED REIMB PYMT||||||||||CR||19654|||||||||||||||||627,727.10|||
|04/15/2025||APR 2025 - SPED REIMB PYMT||||||||||CR||19664|||||||||||||||||627,727.10|||
|05/14/2025||MAY 2025 - SPED REIMB PYMT||||||||||CR||19669|||||||||||||||||313,863.55|||
01 000 83120||||||||DIST SPED REVENUE|||||||||||||*Current Activity|||||||||||6,277,271.02|||6,277,271.02
||||||||DIST SPED REVENUE Total:||||||||||||||||||||||0.00|0.00|6,277,271.02|0.00||6,277,271.02
||||||||||||||||||||||||||||Budget Balance||(6,277,271.02)|||||
01 000 83130||||||||TAYLOR GRAZING REVENUE|||||||||||||*Previous Balance||||||||||||||0.00
|11/13/2024||OCT 2024 COUNTY TREASURER||||||||||CR||19613|||||||||||||||||2,963.23|||
|||REVENUE||||||||||||||||||||||||||||||||
01 000 83130||||||||TAYLOR GRAZING REVENUE|||||||||||||*Current Activity|||||||||||2,963.23|||2,963.23
SHERIDAN CTY SD2||||||||||||||||||Account Inquiry - Fiscal Year - Include Encumbrances|||||||||||||||||Page: 15
07/17/2025 8:46 AM||||||||||||||||||||||||07/2024|-|06/2025|||||||||User ID: CBF
|Entry Date||Description||||||||||JR||Reference|||Invoice / Cost||Purchase||||Vendor ID/Name||||||Budgeted Amount|Debit Amount|Credit Amount|Outstanding||Account Balance
|||||||||||||||||||||||||||||||||||
|||||||||||||||Number|||Center||Order|||||||||||||||
Fund:||01|||GENERAL FUND||||||||||||||||||||||||||||||
||||||||TAYLOR GRAZING REVENUE Total:||||||||||||||||||||||0.00|0.00|2,963.23|0.00||2,963.23
||||||||||||||||||||||||||||Budget Balance||(2,963.23)|||||
01 000 83160||||||||STATE TAX SHORTFALL GRANT|||||||||||||*Previous Balance||||||||||||||0.00
|11/14/2024||FY25 TAX SHORTFALL GRANT||||||||||CR||19615|||||||||||||||||4,705,979.76|||
|03/27/2025||STATE TAX SHORTFALL GRANT||||||||||CD||1 137850|||FY24 TAX||||||117926 WY DEPT OF EDUCATION|||||||128,323.84||||
||||||||||||||||||GRANT O/P|||||||||||||||||
01 000 83160||||||||STATE TAX SHORTFALL GRANT|||||||||||||*Current Activity||||||||||128,323.84|4,705,979.76|||4,577,655.92
||||||||STATE TAX SHORTFALL GRANT Total:||||||||||||||||||||||0.00|128,323.84|4,705,979.76|0.00||4,577,655.92
||||||||||||||||||||||||||||Budget Balance||(4,577,655.92)|||||
01 000 83291||||||||STATE REVENUE LEGISLATIVE|||||||||||||*Previous Balance||||||||||||||0.00
|07/31/2024||JULY 2024 PYMT - 109J RETIREMENT||||||||||CR||19575|||||||||||||||||93,540.91|||
|||FOR JUN||||||||||||||||||||||||||||||||
|10/31/2024||OCT 2024 - 109K RETIREMENT PYMT||||||||||CR||19611|||||||||||||||||108,435.07|||
|11/26/2024||NOV 2024 - 109K RETIREMENT PYMT||||||||||CR||19621|||||||||||||||||57,473.35|||
|01/02/2025||DEC 2024 - 109K RETIREMENT PYMT||||||||||CR||19631|||||||||||||||||57,819.50|||
|01/30/2025||JAN 2025 - 109K RETIREMENT PYMT||||||||||CR||19644|||||||||||||||||58,603.80|||
|02/27/2025||FEB 2025 - 109K RETIREMENT PYMT||||||||||CR||19649|||||||||||||||||54,833.60|||
|03/25/2025||MAR 2025 - 109K RETIREMENT PYMT||||||||||CR||19656|||||||||||||||||57,236.39|||
|04/30/2025||APR 2025 - 109K RETIREMENT PYMT||||||||||CR||19667|||||||||||||||||56,282.67|||
|05/30/2025||MAY 2025 - 109K RETIREMENT PYMT||||||||||CR||19676|||||||||||||||||55,105.25|||
01 000 83291||||||||STATE REVENUE LEGISLATIVE|||||||||||||*Current Activity|||||||||||599,330.54|||599,330.54
||||||||STATE REVENUE LEGISLATIVE Total:||||||||||||||||||||||0.00|0.00|599,330.54|0.00||599,330.54
||||||||||||||||||||||||||||Budget Balance||(599,330.54)|||||
01 050 81730||||||||SJHS STUDENT FINES|||||||||||||*Previous Balance||||||||||||||0.00
|06/06/2025||SJHS STUDENT FEE||||||||||CR||060625-SJHS|||||||||||||||||7.00|||
01 050 81730||||||||SJHS STUDENT FINES|||||||||||||*Current Activity|||||||||||7.00|||7.00
||||||||SJHS STUDENT FINES Total:||||||||||||||||||||||0.00|0.00|7.00|0.00||7.00
||||||||||||||||||||||||||||Budget Balance||(7.00)|||||
01 057 81730||||||||SHS STUDENT FINES|||||||||||||*Previous Balance||||||||||||||0.00
|02/28/2025||SHS - TEXTBOOK REPL FEE||||||||||CR||1|||||||||||||||||21.00|||
|03/11/2025||FEB 2025 ONL FEE - TEXTBOOK REPL||||||||||CR||ONL-FEB25|||||||||||||||||10.54|||
|03/11/2025||FEB 2025 ONL FEE - TEXTBOOK REPL||||||||||CR||ONL-FEB25|||||||||||||||||10.54|||
|05/22/2025||TEXTBOOK REPLACEMENT FEES -||||||||||CR||052225-SHS|||||||||||||||||187.00|||
|||SHS||||||||||||||||||||||||||||||||
|06/23/2025||SHS TEXTBOOK REPLACEMENT FEE -||||||||||CR||ONL-APR25|||||||||||||||||8.98|||
|||BAGBY||||||||||||||||||||||||||||||||
|06/23/2025||MAY 2025 ONLINE FEES - BOOK REPL||||||||||CR||ONL-MAY25|||||||||||||||||5.00|||
|||FEE||||||||||||||||||||||||||||||||
|06/23/2025||MAY 2025 ONLINE FEES - BOOK REPL||||||||||CR||ONL-MAY25|||||||||||||||||5.00|||
|||FEE||||||||||||||||||||||||||||||||
SHERIDAN CTY SD2||||||||||||||||||Account Inquiry - Fiscal Year - Include Encumbrances|||||||||||||||||Page: 16
07/17/2025 8:46 AM||||||||||||||||||||||||07/2024|-|06/2025|||||||||User ID: CBF
|Entry Date||Description||||||||||JR||Reference|||Invoice / Cost||Purchase||||Vendor ID/Name||||||Budgeted Amount|Debit Amount|Credit Amount|Outstanding||Account Balance
|||||||||||||||||||||||||||||||||||
|||||||||||||||Number|||Center||Order|||||||||||||||
Fund:||01|||GENERAL FUND||||||||||||||||||||||||||||||
|06/23/2025||MAY 2025 ONLINE FEES - TEXTBOOK||||||||||CR||ONL-MAY25|||||||||||||||||10.54|||
|||REPL FEE||||||||||||||||||||||||||||||||
01 057 81730||||||||SHS STUDENT FINES|||||||||||||*Current Activity|||||||||||258.60|||258.60
||||||||SHS STUDENT FINES Total:||||||||||||||||||||||0.00|0.00|258.60|0.00||258.60
||||||||||||||||||||||||||||Budget Balance||(258.60)|||||
||||||||||||||||||||||||Revenue|Total:|||||0.00|672,235.65|56,881,420.29|0.00||56,209,184.64
||||||||||||||||||||||||||||Budget Balance||(56,209,184.64)|||||
